ac'hanoch	ac'hanoc'h
adkemmeret	adkemeret
aeoc'h	aesoc'h
aluletez	alumetez
aman	amañ
aotroù	aotrou
aozadennn	aozadenn
araok	a-raok
arbenigourien	arbennigourien
argoat	Argoad
avañtur	avantur
awalc'h	a-walc'h
awalch	a-walc'h
bernn	benn
bezaén	bezañ
biniou	binioù
bloavez	bloavezh
bourrabl	bourrapl
breiz	Breizh
brezoneg	brezhoneg
buannoc'h	buanoc'h
bujet	budjed
cheller	c'heller
chenchet	cheñchet
chêrioù	c'hêrioù
chigago	Chicago
choant	c'hoant
choant 	c'hoant 
choari	c'hoari
c'hoarvezhout	c'hoarvezout
c'hoazhin	c'hoarzhin
c'homlec'h	chomlec'h
choulz 	 c'houlz
c'houlzma	c'houlz ma
c'houzhout	c'houzout
c'hovid-19	C'hovid 19
chwi	c'hwi
c'oazh	c'hoazh
covid-19	Covid 19
c'whi	c'hwi
dansoù	dañsoù
dañvez	danvez
dañvezioù	danvezioù
daouzekved	daouzekvet
dd'ar	d'ar
diagnostics	diagnostik
dilamour	dilabour
dilec'hiadennoù	dilerc'hiadennoù
diouzthu	diouzhtu
diposupl	dibosupl
dishenvel	disheñvel
dishoñjal	disoñjal
divizioù	divizoù
dlihad	dilhad
doareou	doareoù
draezenn	drezenn
ebrel	Ebrel
einh	hein
eizhteiz	eizhtez
eizvedenn	eizhvedenn
electro	elektro
emcihañs	emichañs
emsalc'h	emzalc'h
enañ	ennañ
enoet	enoeet
euriou	eurioù
evt	evit
facebook	Facebook
formaj	fourmaj
founnus	fonnus
garom	garomp
gober	ober
goulou	gouloù
grenv	greñv
gulennet	goulennet
gwaneoc'h	ganeoc'h
gwann	gwan
gwener	Gwener
hanterkant	hanter-kant
hanterkanvedenn	hanterkantvedenn
hardiz	hardizh
hegaziñ	hegasiñ
kanved	kantved
kaondaonet	kondaonet
kaozadennoù	kaozeadennoù
kaozet	kaozeet
klanv	klañv
konchennoù	koñchennoù
legumajoù	legumaj
lemet	lemmet
lenann	lennan
llaer	laer
lun	Lun
madalezhus	madelezhus
magreb	Maghreb
marc'hatmatoc'h	marc'hadmatoc'h
marmoused	marmouzed
mediaou	mediaoù
mennozioù	menozioù
meus	m'eus
migoned	mignoned
migon	mignon
miliadou	miliadoù
mille 	mil
milliadou	miliadoù
milliadoù	miliadoù
million	milion
moneizh	moneiz
monneizh	moneiz
mouezioù	mouezhioù
musique	muzik
nebuet	nebeut
neizhañ	neizhiañ
orolajoù	horolajoù
ouhzpenn	ouzhpenn
pannelloù	panelloù
personnel	personel
perzhiou	perzhioù
peseut	peseurt
peurliseañ	peurliesañ
posubl	posupl
seitekved	seitekvet
siezhvet	seizhvet
skinwell	skinwel
skzuizh	skuizh
solkial	sokial
sonedagoù	sonadegoù
sonj	soñj
stañk	stank
strategiezhioù	strategiezhoù
sul	Sul
taski	taksi
techout	tec'hout
tonnenn	tonenn
toud	tout
traouigoù	traoùigoù
traou	traoù
treuskas	treuzkas
triugentved	triugentvet
twitter	Twitter
unnan	unan
vakansoù	vakañsoù
vestronia	vestroniañ
vigouden	Vigoudenn
vilajen	vilajenn
virgulen	virgulenn
vousc'hoarzin	vousc'hoarzhin
vousc'hoarz	vousc'hoarzh
vrummenn	vrumenn
warchoazh	warc'hoazh
warlerc'h	war lerc'h
yaou	Yaou
youtube	Youtube
zrebimp	zebrimp
